,Id,SalePrice
0,1461.0,57359399.866457246
1,1462.0,72350731.51233934
2,1463.0,76091302.79852244
3,1464.0,75440911.13289848
4,1465.0,71518380.96998243
5,1466.0,74662738.19210462
6,1467.0,67641987.68146808
7,1468.0,70082152.84452708
8,1469.0,73476110.30834205
9,1470.0,56427897.401980214
10,1471.0,74132214.51437166
11,1472.0,53686313.34546067
12,1473.0,56972282.14125536
13,1474.0,70512620.81640181
14,1475.0,54237827.03732403
15,1476.0,102998730.90704721
16,1477.0,82549508.80944224
17,1478.0,87865497.08102323
18,1479.0,92297639.24591872
19,1480.0,126525812.47670142
20,1481.0,101621939.6822709
21,1482.0,74956040.87668768
22,1483.0,73025797.34528744
23,1484.0,66434413.240890846
24,1485.0,65069298.60046651
25,1486.0,77762805.17121553
26,1487.0,107360122.6029456
27,1488.0,84433513.61649074
28,1489.0,69854985.6218843
29,1490.0,78653394.80469394
30,1491.0,75844455.90996438
31,1492.0,59205023.873309284
32,1493.0,77266330.73302762
33,1494.0,98861010.24771832
34,1495.0,97408694.94859824
35,1496.0,79351831.19821672
36,1497.0,76774328.30897503
37,1498.0,61475089.63282158
38,1499.0,61475089.63282158
39,1500.0,62369088.56443428
40,1501.0,71035752.0833625
41,1502.0,57642309.18959849
42,1503.0,79261764.47873907
43,1504.0,82623499.06716292
44,1505.0,79732784.92438644
45,1506.0,91665814.42363027
46,1507.0,102673988.37514247
47,1508.0,86942874.21699928
48,1509.0,74779453.69128497
49,1510.0,69318726.58198906
50,1511.0,68503733.08484215
51,1512.0,79732548.14228678
52,1513.0,78042706.62259692
53,1514.0,86299775.61983226
54,1515.0,103253154.11660655
55,1516.0,73273714.05041659
56,1517.0,64673668.917465515
57,1518.0,83293187.45313619
58,1519.0,79366380.9352287
59,1520.0,65410885.672761805
60,1521.0,67763019.98716237
61,1522.0,79920174.00043187
62,1523.0,66452512.57303483
63,1524.0,61152343.52988455
64,1525.0,59003858.48978186
65,1526.0,59515692.47364257
66,1527.0,57524228.218972795
67,1528.0,63418509.909557074
68,1529.0,67117294.48293383
69,1530.0,75229578.70064987
70,1531.0,79600899.73827498
71,1532.0,56406739.811587185
72,1533.0,73664299.92108709
73,1534.0,64008765.99888241
74,1535.0,76131086.20092542
75,1536.0,66267323.21045607
76,1537.0,53732879.908492856
77,1538.0,72972621.81724529
78,1539.0,89117716.00416355
79,1540.0,90158732.111492
80,1541.0,70128856.94975804
81,1542.0,75737608.92784278
82,1543.0,88370001.18107793
83,1544.0,50653627.66104103
84,1545.0,58414258.554415606
85,1546.0,62089177.379778914
86,1547.0,69890980.59738319
87,1548.0,67944939.38235886
88,1549.0,56280001.88854229
89,1550.0,72987904.06298907
90,1551.0,62552696.08739944
91,1552.0,83370040.48830415
92,1553.0,70301174.1420173
93,1554.0,63534879.04422376
94,1555.0,83726910.77551533
95,1556.0,61457448.74124456
96,1557.0,71164456.35049514
97,1558.0,52911976.80831396
98,1559.0,78814007.602863
99,1560.0,75912824.117386
100,1561.0,90189843.90018687
101,1562.0,56289158.00470135
102,1563.0,55064072.23876408
103,1564.0,74632330.92851625
104,1565.0,68519987.31094323
105,1566.0,78987845.74532725
106,1567.0,50417772.82280589
107,1568.0,87172912.28072919
108,1569.0,75843497.88489668
109,1570.0,60609871.25601963
110,1571.0,72473746.95164256
111,1572.0,66596453.57856896
112,1573.0,80339555.92079294
113,1574.0,71479463.95882523
114,1575.0,77183815.24067828
115,1576.0,82298671.16060357
116,1577.0,69843191.85969032
117,1578.0,68255814.42689882
118,1579.0,59379914.22117924
119,1580.0,77317236.47782779
120,1581.0,61262877.92164778
121,1582.0,56140334.29877211
122,1583.0,98558189.253411
123,1584.0,89765878.51222537
124,1585.0,55291090.17985309
125,1586.0,42242975.30097566
126,1587.0,55887456.23958986
127,1588.0,67559199.33636193
128,1589.0,60712590.96423338
129,1590.0,63434615.40614099
130,1591.0,57691506.022678144
131,1592.0,69365325.3225973
132,1593.0,54818792.30485014
133,1594.0,93933555.38869223
134,1595.0,74516581.28388537
135,1596.0,93246763.13470083
136,1597.0,91067386.2698317
137,1598.0,73283198.36531053
138,1599.0,62276455.896697454
139,1600.0,68248917.26018788
140,1601.0,42031974.56026063
141,1602.0,59455045.87208036
142,1603.0,56400754.91094247
143,1604.0,84973392.7601614
144,1605.0,85558258.95438686
145,1606.0,71120333.02102421
146,1607.0,100009126.64361526
147,1608.0,74500542.18662208
148,1609.0,69266185.77468899
149,1610.0,66806655.69852426
150,1611.0,69357203.04474325
151,1612.0,77473731.76679803
152,1613.0,74398180.4108211
153,1614.0,58053323.06926202
154,1615.0,56267043.35698163
155,1616.0,56267043.35698163
156,1617.0,57106642.3466689
157,1618.0,55609394.13329806
158,1619.0,54706892.91354413
159,1620.0,100074047.25933884
160,1621.0,63706798.48049154
161,1622.0,70632081.97043113
162,1623.0,90116580.17424434
163,1624.0,83359984.76794018
164,1625.0,56256675.44679106
165,1626.0,77046609.89708708
166,1627.0,75755971.44987513
167,1628.0,94184434.31387463
168,1629.0,72554493.61524203
169,1630.0,115966339.94000214
170,1631.0,78528868.76145898
171,1632.0,87547631.82439774
172,1633.0,65232271.78347962
173,1634.0,76474046.20747367
174,1635.0,70403842.92947312
175,1636.0,67856473.68892305
176,1637.0,85165613.24040404
177,1638.0,87357094.03822856
178,1639.0,84219651.47503059
179,1640.0,106354826.17073673
180,1641.0,83487493.53156833
181,1642.0,83421062.33087358
182,1643.0,84252865.51321402
183,1644.0,81596973.98178855
184,1645.0,83835828.46986976
185,1646.0,65230533.10619073
186,1647.0,67960359.52199195
187,1648.0,67394239.79182753
188,1649.0,62123176.089669354
189,1650.0,55903818.5145944
190,1651.0,55914914.71082521
191,1652.0,53708505.7379223
192,1653.0,53765282.20479516
193,1654.0,72250078.46169916
194,1655.0,62766615.78800637
195,1656.0,70534813.20886345
196,1657.0,72272270.8541608
197,1658.0,70545909.40509427
198,1659.0,54354058.30332522
199,1660.0,63996989.065203644
200,1661.0,116169828.54874943
201,1662.0,109465925.17594142
202,1663.0,100332440.6315861
203,1664.0,123991457.68081535
204,1665.0,89604825.04709451
205,1666.0,91518127.7001236
206,1667.0,106170634.74684651
207,1668.0,90102964.2957192
208,1669.0,81414384.87566979
209,1670.0,92108916.7078461
210,1671.0,89665896.19991064
211,1672.0,116301525.77179503
212,1673.0,98423259.8259666
213,1674.0,84776959.1032881
214,1675.0,74441811.7092077
215,1676.0,72905130.31392321
216,1677.0,74441721.69055583
217,1678.0,118004658.97126347
218,1679.0,106340176.27016196
219,1680.0,94571625.57667036
220,1681.0,78325993.00876999
221,1682.0,88242245.41290443
222,1683.0,76177609.86451876
223,1684.0,69230620.72684786
224,1685.0,70269244.63687871
225,1686.0,69096390.99186274
226,1687.0,65068800.55298095
227,1688.0,75411835.88167071
228,1689.0,74234264.49427933
229,1690.0,70842711.87201531
230,1691.0,65974824.992803186
231,1692.0,85552857.90821236
232,1693.0,65069298.60046651
233,1694.0,71543833.24631383
234,1695.0,66595899.373626694
235,1696.0,97170625.89089535
236,1697.0,66624179.64991989
237,1698.0,110235131.90228148
238,1699.0,101268893.59001204
239,1700.0,89343857.23639682
240,1701.0,94930250.00323395
241,1702.0,88480225.502379
242,1703.0,86092582.23351623
243,1704.0,88330077.21758418
244,1705.0,77219187.63015641
245,1706.0,117274140.31143585
246,1707.0,77529153.4027107
247,1708.0,76537841.23067392
248,1709.0,82363815.9476433
249,1710.0,77958753.68432419
250,1711.0,81056087.65271346
251,1712.0,92387207.40302455
252,1713.0,86364842.22564133
253,1714.0,81987767.28746967
254,1715.0,75862802.31900935
255,1716.0,69553960.36687146
256,1717.0,66421680.71288591
257,1718.0,65616062.90820036
258,1719.0,79945816.77671479
259,1720.0,81239496.08938752
260,1721.0,65656457.34637169
261,1722.0,63953069.96613174
262,1723.0,65585125.26945984
263,1724.0,78790385.96591878
264,1725.0,88661638.63260086
265,1726.0,77519334.77396573
266,1727.0,73472842.71280856
267,1728.0,71839145.17222975
268,1729.0,67289248.76687036
269,1730.0,77008099.51759164
270,1731.0,59656032.44740839
271,1732.0,56273756.09632655
272,1733.0,55439381.333325006
273,1734.0,60872710.48526765
274,1735.0,56849631.489078544
275,1736.0,56702789.96664038
276,1737.0,99679185.71987483
277,1738.0,79947900.80436072
278,1739.0,117007307.03977174
279,1740.0,88366232.56867592
280,1741.0,70425249.67642123
281,1742.0,71035254.03587696
282,1743.0,69072272.26388241
283,1744.0,87119095.69534051
284,1745.0,88559532.29273303
285,1746.0,97746952.2434022
286,1747.0,88671416.37373766
287,1748.0,103382403.57458213
288,1749.0,72941711.43613581
289,1750.0,68341546.68270585
290,1751.0,94719805.99675986
291,1752.0,55143970.97415703
292,1753.0,81673304.5316169
293,1754.0,89683021.6969313
294,1755.0,72123178.85362601
295,1756.0,56398488.81895312
296,1757.0,55043889.293793194
297,1758.0,72766013.8820709
298,1759.0,83550186.46127725
299,1760.0,72612237.46420322
300,1761.0,71610729.49829583
301,1762.0,87130358.13185781
302,1763.0,79386969.02407867
303,1764.0,58628688.28453708
304,1765.0,86512193.2052486
305,1766.0,77613479.60582432
306,1767.0,81906351.47736523
307,1768.0,65511640.91156372
308,1769.0,72774463.15437362
309,1770.0,59646268.86135254
310,1771.0,67558483.54544276
311,1772.0,74365540.05982713
312,1773.0,67427260.41551757
313,1774.0,92798965.11067589
314,1775.0,62343298.87747098
315,1776.0,61603625.24892472
316,1777.0,52057669.15241402
317,1778.0,60950666.400781125
318,1779.0,61004625.76525221
319,1780.0,70669269.85186088
320,1781.0,67253568.94956103
321,1782.0,52463833.201439366
322,1783.0,66124993.66026988
323,1784.0,54990344.19507721
324,1785.0,62341307.41909673
325,1786.0,98780192.49309325
326,1787.0,74797745.06138165
327,1788.0,42856086.44029739
328,1789.0,53906448.53143705
329,1790.0,48485159.547022365
330,1791.0,103978249.26109044
331,1792.0,74448221.23812355
332,1793.0,62196239.20391812
333,1794.0,58789497.62600565
334,1795.0,64004901.766520716
335,1796.0,59356070.82454697
336,1797.0,62485828.94898818
337,1798.0,61570294.473909505
338,1799.0,49868832.13814277
339,1800.0,62672022.82376056
340,1801.0,69854282.22503656
341,1802.0,72788892.59479985
342,1803.0,79656003.58487129
343,1804.0,58847789.658896595
344,1805.0,61718189.2958123
345,1806.0,67627554.95108145
346,1807.0,83207408.31569181
347,1808.0,61897968.45871233
348,1809.0,65972564.68748524
349,1810.0,71578594.08144535
350,1811.0,74511128.75306709
351,1812.0,67637195.46616341
352,1813.0,65556968.65431931
353,1814.0,54423069.021815
354,1815.0,41488502.76016811
355,1816.0,50840629.84966821
356,1817.0,70640558.61962394
357,1818.0,85069961.15243845
358,1819.0,62641465.20504277
359,1820.0,50586515.08188484
360,1821.0,71624165.14282115
361,1822.0,70879491.58210509
362,1823.0,47449854.636262156
363,1824.0,72908618.26725867
364,1825.0,71943492.39933391
365,1826.0,58979010.98850054
366,1827.0,59186863.015734814
367,1828.0,74095725.20563431
368,1829.0,64906762.46980489
369,1830.0,80416672.66622837
370,1831.0,82707659.43344034
371,1832.0,88104361.89395009
372,1833.0,82356591.46542297
373,1834.0,65943720.80049343
374,1835.0,80524991.4503578
375,1836.0,79262899.57748102
376,1837.0,54560155.25354137
377,1838.0,66574668.06810356
378,1839.0,47760255.86910205
379,1840.0,66953397.05974365
380,1841.0,65794773.22047917
381,1842.0,58067530.77539426
382,1843.0,63136557.561331965
383,1844.0,58484239.85795666
384,1845.0,76554309.546016
385,1846.0,65759844.81412081
386,1847.0,92009188.97973962
387,1848.0,42165053.867614605
388,1849.0,65988445.06582036
389,1850.0,62866682.36085171
390,1851.0,73768346.90460366
391,1852.0,63190118.06498032
392,1853.0,62073386.21337985
393,1854.0,63163906.96286935
394,1855.0,68511331.39738251
395,1856.0,84196983.91869633
396,1857.0,80925066.25004278
397,1858.0,86844257.0935644
398,1859.0,70695699.08059828
399,1860.0,69010019.7952983
400,1861.0,70018281.08869936
401,1862.0,109311485.80733217
402,1863.0,109311485.80733217
403,1864.0,109311485.80733217
404,1865.0,87602860.01093113
405,1866.0,89044764.89816155
406,1867.0,79815874.55252217
407,1868.0,92469721.16870968
408,1869.0,72418508.86470069
409,1870.0,71598177.5962771
410,1871.0,80728079.59350052
411,1872.0,68197947.40539883
412,1873.0,82910116.72300528
413,1874.0,60487200.21670858
414,1875.0,78449183.18516013
415,1876.0,79780623.06565419
416,1877.0,77812834.46130085
417,1878.0,79755625.05970745
418,1879.0,56951402.03312527
419,1880.0,57516811.07114466
420,1881.0,85691430.61009076
421,1882.0,92203421.50719221
422,1883.0,77785582.22532788
423,1884.0,82840861.74934156
424,1885.0,79971228.0858301
425,1886.0,92001667.99338292
426,1887.0,76650726.5423647
427,1888.0,84365593.132125
428,1889.0,66425101.36342029
429,1890.0,65425034.39970801
430,1891.0,60592451.83829754
431,1892.0,55495065.483687095
432,1893.0,71505919.56699596
433,1894.0,84408691.63123246
434,1895.0,78276934.65653238
435,1896.0,64715488.8930856
436,1897.0,64498537.41602207
437,1898.0,61040210.1446042
438,1899.0,66003647.09165943
439,1900.0,60628936.99366785
440,1901.0,72731626.30168638
441,1902.0,70248923.8336369
442,1903.0,98491461.31356554
443,1904.0,64435469.80926935
444,1905.0,81425743.622229
445,1906.0,73539750.15373711
446,1907.0,90707443.69991218
447,1908.0,55856428.55603508
448,1909.0,61405422.844985776
449,1910.0,61405422.844985776
450,1911.0,84113776.24277742
451,1912.0,108122477.5531484
452,1913.0,87861800.38766338
453,1914.0,43482537.41739863
454,1915.0,84959387.97678941
455,1916.0,47173194.026713036
456,1917.0,89134558.47617446
457,1918.0,57544783.001281895
458,1919.0,69556542.3187671
459,1920.0,83512220.91251045
460,1921.0,101579963.9379486
461,1922.0,86219243.19636582
462,1923.0,92278839.79336546
463,1924.0,80089362.78865194
464,1925.0,86662342.28360288
465,1926.0,98828668.96253677
466,1927.0,60709633.95891759
467,1928.0,74405284.85902081
468,1929.0,52740224.82705524
469,1930.0,59726897.42879326
470,1931.0,56877517.53189913
471,1932.0,63662447.892724596
472,1933.0,75332186.13884015
473,1934.0,75429814.93666767
474,1935.0,68961750.64458387
475,1936.0,75446567.18815713
476,1937.0,75873061.40811305
477,1938.0,74824513.83121504
478,1939.0,86461670.16744621
479,1940.0,71518380.96998243
480,1941.0,76217935.10402207
481,1942.0,76886037.3161216
482,1943.0,73478545.92149432
483,1944.0,101736089.39700331
484,1945.0,94595718.1146886
485,1946.0,79203919.40637375
486,1947.0,87835222.84686455
487,1948.0,79380107.9741189
488,1949.0,86584955.91178064
489,1950.0,70907442.59568937
490,1951.0,100488237.4688254
491,1952.0,90125524.4872209
492,1953.0,68593058.90731196
493,1954.0,87188487.31116894
494,1955.0,65200105.11662688
495,1956.0,114794895.4313098
496,1957.0,77283823.75494653
497,1958.0,98686866.82454748
498,1959.0,79579915.87283055
499,1960.0,57744386.99426035
500,1961.0,55943545.74846091
501,1962.0,53708505.7379223
502,1963.0,53946275.9730716
503,1964.0,63382045.49594136
504,1965.0,70569679.41647373
505,1966.0,62776079.81828072
506,1967.0,84043877.94319502
507,1968.0,115802485.51674755
508,1969.0,97183105.62591429
509,1970.0,116602354.2637336
510,1971.0,115884327.49173388
511,1972.0,101305057.67668912
512,1973.0,88649583.6806824
513,1974.0,97564247.81580877
514,1975.0,117139795.90739362
515,1976.0,83428350.09303464
516,1977.0,109523896.01001132
517,1978.0,114123673.6962199
518,1979.0,94485988.63275994
519,1980.0,74804845.91882671
520,1981.0,92282291.95448469
521,1982.0,74102325.27627464
522,1983.0,74102325.27627464
523,1984.0,74175530.51444332
524,1985.0,78258881.30238743
525,1986.0,81924135.18059132
526,1987.0,69535887.73942012
527,1988.0,71546559.46228483
528,1989.0,77235274.2154964
529,1990.0,84161589.89129199
530,1991.0,74441721.69055583
531,1992.0,83479254.09261832
532,1993.0,67921098.3001441
533,1994.0,94776952.49637221
534,1995.0,75719557.34272568
535,1996.0,93656406.89145719
536,1997.0,97648810.07535055
537,1998.0,99637705.63888086
538,1999.0,90574832.7775561
539,2000.0,102770798.48102847
540,2001.0,93299676.0545597
541,2002.0,83111755.81082489
542,2003.0,88100215.76183587
543,2004.0,83946352.57964131
544,2005.0,78288760.48600365
545,2006.0,75278286.13252117
546,2007.0,86249171.99786721
547,2008.0,69228591.4117194
548,2009.0,76952452.48837154
549,2010.0,75965015.17995022
550,2011.0,66259307.58788522
551,2012.0,67207249.14403887
552,2013.0,73653557.55798815
553,2014.0,76847670.32205908
554,2015.0,75690864.58530244
555,2016.0,76594870.97199483
556,2017.0,77850958.33872913
557,2018.0,59761913.138322406
558,2019.0,55382820.780738614
559,2020.0,56109808.6678224
560,2021.0,54997777.19457825
561,2022.0,76773055.0019189
562,2023.0,77003862.01255259
563,2024.0,105104220.085685
564,2025.0,116668418.40892623
565,2026.0,70227697.3923224
566,2027.0,61458052.83890224
567,2028.0,67670031.96521693
568,2029.0,71891109.26141551
569,2030.0,84753747.99063127
570,2031.0,72874821.89659302
571,2032.0,77046421.0564518
572,2033.0,81854655.28887561
573,2034.0,67452374.21060443
574,2035.0,79673814.72937723
575,2036.0,75495133.34691353
576,2037.0,76026861.38117377
577,2038.0,99847519.46494804
578,2039.0,69891462.65758185
579,2040.0,114461905.5056254
580,2041.0,84431534.94738661
581,2042.0,81085462.16603549
582,2043.0,76697101.22839414
583,2044.0,88307963.97796129
584,2045.0,84050465.87771395
585,2046.0,83890956.35281563
586,2047.0,69241422.52163365
587,2048.0,58060744.60474553
588,2049.0,87979189.51349327
589,2050.0,75741134.58203463
590,2051.0,54015256.19054518
591,2052.0,64768057.33202459
592,2053.0,64368650.9533489
593,2054.0,50084199.92002132
594,2055.0,77672377.98680258
595,2056.0,67526732.35347824
596,2057.0,61379440.40260687
597,2058.0,86944859.660714
598,2059.0,66569589.80216991
599,2060.0,75708212.57254958
600,2061.0,80564481.86044098
601,2062.0,64142948.72448435
602,2063.0,54411221.00069355
603,2064.0,66614895.425017275
604,2065.0,58657871.59857071
605,2066.0,85078484.66639906
606,2067.0,77213824.74662167
607,2068.0,91196710.52208592
608,2069.0,49779408.43786048
609,2070.0,60694814.458110236
610,2071.0,47669998.14464213
611,2072.0,74792451.01017338
612,2073.0,61181331.058691986
613,2074.0,72273831.86541228
614,2075.0,63409455.13278436
615,2076.0,56167492.719822295
616,2077.0,69617987.3594404
617,2078.0,61108636.68500532
618,2079.0,66402913.04617996
619,2080.0,59090584.796450764
620,2081.0,65189514.654525496
621,2082.0,88963904.79946806
622,2083.0,74091424.7008432
623,2084.0,53657607.013657235
624,2085.0,64364783.63404321
625,2086.0,59623474.88408708
626,2087.0,66738155.73692164
627,2088.0,64944063.41915322
628,2089.0,47551571.74555322
629,2090.0,67965318.82551804
630,2091.0,71648740.19158329
631,2092.0,76101521.34269221
632,2093.0,77541034.63199864
633,2094.0,59234228.12969957
634,2095.0,71059347.34880918
635,2096.0,52834977.77730601
636,2097.0,56737436.61232286
637,2098.0,73055207.59062102
638,2099.0,37801391.27583859
639,2100.0,73639277.23711643
640,2101.0,73421086.00919537
641,2102.0,67190015.85112026
642,2103.0,54118528.07528416
643,2104.0,95986211.01181506
644,2105.0,68933732.2209605
645,2106.0,58746329.615210295
646,2107.0,101051468.80103849
647,2108.0,59502598.25357086
648,2109.0,62087288.42652478
649,2110.0,64150680.54189173
650,2111.0,75735609.01460327
651,2112.0,79263058.71056895
652,2113.0,62016196.516090125
653,2114.0,62226170.58595962
654,2115.0,76694064.73552136
655,2116.0,57997703.01381512
656,2117.0,71421048.95041387
657,2118.0,66018646.49914747
658,2119.0,59690878.30291542
659,2120.0,60118505.557476655
660,2121.0,56588093.23443464
661,2122.0,59317807.64119274
662,2123.0,47258815.44385985
663,2124.0,87017961.85250668
664,2125.0,85174081.12313582
665,2126.0,78524332.33111805
666,2127.0,87507041.59038563
667,2128.0,72521098.88281684
668,2129.0,51565155.76773791
669,2130.0,70874929.7093371
670,2131.0,87915204.9564196
671,2132.0,66253568.41269673
672,2133.0,61277216.49404705
673,2134.0,63300102.76930512
674,2135.0,49427332.05419294
675,2136.0,63377228.67590145
676,2137.0,61727636.17861396
677,2138.0,62712326.03331842
678,2139.0,63850292.38462944
679,2140.0,59849520.74807767
680,2141.0,58446552.81888032
681,2142.0,62791276.63282392
682,2143.0,65204646.30874286
683,2144.0,66153704.50788708
684,2145.0,58633115.072989605
685,2146.0,66698175.011137836
686,2147.0,83138579.67371602
687,2148.0,66236799.79412353
688,2149.0,58122926.60710158
689,2150.0,80333352.25424416
690,2151.0,57033630.5471774
691,2152.0,78647981.41893151
692,2153.0,79016251.7982017
693,2154.0,54341307.1809301
694,2155.0,62406342.51223813
695,2156.0,108328223.3909172
696,2157.0,84295327.01451175
697,2158.0,90689897.44605254
698,2159.0,86857953.00639841
699,2160.0,65802060.82167969
700,2161.0,85154073.77433176
701,2162.0,111090800.6620959
702,2163.0,90737658.7232925
703,2164.0,80306261.55561365
704,2165.0,81534517.08055636
705,2166.0,60744657.34332896
706,2167.0,76819803.65396975
707,2168.0,79335432.55136906
708,2169.0,75177636.93288861
709,2170.0,81501243.66236968
710,2171.0,65430909.136263445
711,2172.0,63864983.02899139
712,2173.0,76969803.44210815
713,2174.0,93987697.94355682
714,2175.0,90125075.35392597
715,2176.0,90979465.4478575
716,2177.0,96591598.99516472
717,2178.0,79112521.56850646
718,2179.0,55301688.32859836
719,2180.0,92867707.31683187
720,2181.0,77652318.15964091
721,2182.0,83088591.99983902
722,2183.0,74896792.53365721
723,2184.0,63469174.522781976
724,2185.0,58403122.74844039
725,2186.0,65528668.965834305
726,2187.0,64783495.85886025
727,2188.0,67034233.782330915
728,2189.0,141464869.6587725
729,2190.0,57458139.39182108
730,2191.0,57458139.39182108
731,2192.0,51118279.57882624
732,2193.0,55414686.68562077
733,2194.0,55802055.23772298
734,2195.0,57217834.958025925
735,2196.0,62589621.450580075
736,2197.0,66168149.799606964
737,2198.0,74248759.29697923
738,2199.0,83119792.96852732
739,2200.0,63873548.56640052
740,2201.0,62745533.04130066
741,2202.0,70015009.72483192
742,2203.0,73462017.84498449
743,2204.0,84489995.4804029
744,2205.0,67989371.08062597
745,2206.0,63519950.871817246
746,2207.0,80795979.43041976
747,2208.0,90142084.41161871
748,2209.0,93934155.42274687
749,2210.0,55884708.83232828
750,2211.0,56271249.14625562
751,2212.0,58906331.30135742
752,2213.0,61356936.90636058
753,2214.0,74850900.45504919
754,2215.0,54157881.63502432
755,2216.0,86187893.90619196
756,2217.0,45833632.673634864
757,2218.0,61930950.92640515
758,2219.0,54547274.847276665
759,2220.0,50227650.0572535
760,2221.0,85080993.16485015
761,2222.0,84823156.53446497
762,2223.0,99051915.48290707
763,2224.0,81714770.31201915
764,2225.0,76155598.49543183
765,2226.0,86323473.36752409
766,2227.0,78226518.07083622
767,2228.0,81909465.26112339
768,2229.0,80384495.03239171
769,2230.0,66376780.07261264
770,2231.0,74806834.95275195
771,2232.0,79225538.78928316
772,2233.0,70706915.96216716
773,2234.0,77425173.97690345
774,2235.0,85957806.38355593
775,2236.0,89364071.42900564
776,2237.0,98178478.04684444
777,2238.0,74728076.23927027
778,2239.0,63168430.53137941
779,2240.0,67812519.05080579
780,2241.0,69105594.73774628
781,2242.0,62310110.26108605
782,2243.0,69115386.54428408
783,2244.0,54278816.54981827
784,2245.0,53871010.91233913
785,2246.0,65699055.95431084
786,2247.0,56321829.674328946
787,2248.0,53401783.15624619
788,2249.0,54469204.38693274
789,2250.0,56597908.97766215
790,2251.0,79374067.56566805
791,2252.0,82689691.1492232
792,2253.0,65242631.18196686
793,2254.0,74062327.39855771
794,2255.0,78279322.57584585
795,2256.0,71232762.36497961
796,2257.0,93326617.59809221
797,2258.0,67670618.7191038
798,2259.0,75893100.86055793
799,2260.0,66540038.029357724
800,2261.0,67564986.40466654
801,2262.0,72902562.32568105
802,2263.0,102762007.58331217
803,2264.0,114780789.25485048
804,2265.0,75388916.91341896
805,2266.0,84180019.63918598
806,2267.0,107651845.33570756
807,2268.0,98761132.21986702
808,2269.0,71447444.23849478
809,2270.0,69776012.74267803
810,2271.0,85188103.84153529
811,2272.0,83486036.87068258
812,2273.0,67361940.19837077
813,2274.0,73351831.83115108
814,2275.0,72815411.78603072
815,2276.0,72559523.54229794
816,2277.0,84008482.42901886
817,2278.0,73503444.30662328
818,2279.0,57193424.50999873
819,2280.0,56787282.951126814
820,2281.0,73693011.5548294
821,2282.0,74112499.38819683
822,2283.0,56864736.0241108
823,2284.0,61795424.51306372
824,2285.0,62474579.0626855
825,2286.0,59875952.695903786
826,2287.0,92095521.71260051
827,2288.0,88055670.08892001
828,2289.0,104112294.63865091
829,2290.0,115864228.69802742
830,2291.0,102489132.51159227
831,2292.0,100911994.77428362
832,2293.0,120190594.53251062
833,2294.0,115113150.38596614
834,2295.0,111359187.746251
835,2296.0,97967344.43034346
836,2297.0,89183863.77892594
837,2298.0,92060374.83117443
838,2299.0,120367156.80176255
839,2300.0,100402173.3024658
840,2301.0,81518508.70137991
841,2302.0,85105686.82304676
842,2303.0,88185128.36934441
843,2304.0,86818293.84366556
844,2305.0,72779276.6807455
845,2306.0,72779276.6807455
846,2307.0,74522562.67809662
847,2308.0,82197135.89933944
848,2309.0,82891090.88405457
849,2310.0,73433518.93230799
850,2311.0,76177609.86451876
851,2312.0,71221647.57724063
852,2313.0,71728325.493813
853,2314.0,68052092.31183258
854,2315.0,70459839.3943357
855,2316.0,76095404.56741785
856,2317.0,72981332.00085233
857,2318.0,70864018.34213592
858,2319.0,69280595.34811713
859,2320.0,70638457.5585215
860,2321.0,82317231.77605797
861,2322.0,70802800.95106085
862,2323.0,63638241.76239524
863,2324.0,65069796.64795206
864,2325.0,80732514.24382602
865,2326.0,65619323.49911888
866,2327.0,83198917.30562122
867,2328.0,84518269.23956637
868,2329.0,77568064.48240714
869,2330.0,76723502.12381737
870,2331.0,110857023.811304
871,2332.0,120952539.05406389
872,2333.0,106685783.96449035
873,2334.0,97508263.32251012
874,2335.0,92825657.25862366
875,2336.0,105220771.76762097
876,2337.0,75243043.42294675
877,2338.0,82407258.11142965
878,2339.0,80986466.02493288
879,2340.0,98897351.80895208
880,2341.0,80794853.58306314
881,2342.0,81187635.27163114
882,2343.0,80425314.19924298
883,2344.0,85968309.43603791
884,2345.0,86868200.24079208
885,2346.0,74100543.1667202
886,2347.0,73884303.5733849
887,2348.0,80343066.50057982
888,2349.0,72982953.88806355
889,2350.0,84098274.87514424
890,2351.0,83165942.61281063
891,2352.0,87160321.35136034
892,2353.0,100281597.55487812
893,2354.0,63483710.68425502
894,2355.0,65109547.71832549
895,2356.0,64844980.91490653
896,2357.0,79310786.95258555
897,2358.0,80489442.10396452
898,2359.0,62644120.61328719
899,2360.0,56358298.06589236
900,2361.0,62760780.006667495
901,2362.0,102187406.71614636
902,2363.0,61994742.414581515
903,2364.0,62924988.67477735
904,2365.0,75389465.2954531
905,2366.0,66754757.166671395
906,2367.0,81834654.88874917
907,2368.0,74207200.95027204
908,2369.0,81768039.48455866
909,2370.0,70675730.89739208
910,2371.0,72650924.84965886
911,2372.0,74681199.97692762
912,2373.0,88641731.82043634
913,2374.0,99966963.27062175
914,2375.0,79415726.70583627
915,2376.0,109382798.08548757
916,2377.0,116867713.11777253
917,2378.0,64649585.80215725
918,2379.0,98978761.2846386
919,2380.0,63085283.9930941
920,2381.0,71817837.2658838
921,2382.0,80463230.02672556
922,2383.0,83072146.34808446
923,2384.0,89664563.53243534
924,2385.0,64162744.436696745
925,2386.0,62111197.95037735
926,2387.0,63156003.89439281
927,2388.0,61300632.31925348
928,2389.0,61925743.96196058
929,2390.0,65394197.86620342
930,2391.0,60136404.33286588
931,2392.0,56180974.840485714
932,2393.0,67877155.70600924
933,2394.0,62131765.669384815
934,2395.0,88226805.27750072
935,2396.0,72463433.69191353
936,2397.0,84549875.29219821
937,2398.0,56505612.2274081
938,2399.0,46605385.63133181
939,2400.0,43586192.233884536
940,2401.0,52952062.24966614
941,2402.0,65111810.652496375
942,2403.0,82388734.12669918
943,2404.0,67835854.56538242
944,2405.0,69979177.06208467
945,2406.0,57744851.46075354
946,2407.0,60361549.50431948
947,2408.0,63205792.04275078
948,2409.0,65538322.55061173
949,2410.0,84862167.61472665
950,2411.0,57176739.5652241
951,2412.0,74013052.84770061
952,2413.0,68157568.89783868
953,2414.0,63986595.73981897
954,2415.0,81398148.95932032
955,2416.0,58412992.74308838
956,2417.0,61503460.594763644
957,2418.0,57118741.54574583
958,2419.0,75250561.04552756
959,2420.0,57485184.80017379
960,2421.0,80513684.16242814
961,2422.0,57512807.542035624
962,2423.0,71718197.83204499
963,2424.0,81199389.45029095
964,2425.0,114744466.32229877
965,2426.0,67694490.00603904
966,2427.0,68986386.82037257
967,2428.0,75030683.31221132
968,2429.0,55969171.39441345
969,2430.0,58385545.44875683
970,2431.0,66599200.791319974
971,2432.0,61521610.54110763
972,2433.0,66487839.82136054
973,2434.0,69145665.20287833
974,2435.0,74238069.52861981
975,2436.0,51424096.43645213
976,2437.0,55037585.495675184
977,2438.0,57441773.50950541
978,2439.0,58311124.16559469
979,2440.0,66312870.72349904
980,2441.0,60152790.02343898
981,2442.0,58076208.62804752
982,2443.0,61090727.27722061
983,2444.0,60827795.78830708
984,2445.0,58781839.44793872
985,2446.0,81053060.68842454
986,2447.0,78381816.52040921
987,2448.0,74013380.30303054
988,2449.0,61378375.66154542
989,2450.0,75978666.7415419
990,2451.0,65215163.42227816
991,2452.0,97402660.52226868
992,2453.0,52750701.4360935
993,2454.0,65568212.707369454
994,2455.0,59227090.00242085
995,2456.0,69946894.19962248
996,2457.0,63353660.69340847
997,2458.0,60830836.77605977
998,2459.0,55372777.65034603
999,2460.0,69234856.96369757
1000,2461.0,65310086.1951601
1001,2462.0,70201914.62725945
1002,2463.0,64972243.93042942
1003,2464.0,93140619.00107531
1004,2465.0,67147550.80730651
1005,2466.0,66689758.351041265
1006,2467.0,65077265.07468895
1007,2468.0,60676490.042228125
1008,2469.0,64245493.490835585
1009,2470.0,95000063.83631073
1010,2471.0,83851482.59438233
1011,2472.0,92323579.31459822
1012,2473.0,66292609.93803177
1013,2474.0,69462346.7161345
1014,2475.0,94003388.43070383
1015,2476.0,63553911.570068516
1016,2477.0,59633870.305021785
1017,2478.0,77499078.41972719
1018,2479.0,60691612.60736079
1019,2480.0,61268907.64719317
1020,2481.0,61537067.30687832
1021,2482.0,55456249.31857406
1022,2483.0,56111819.00515272
1023,2484.0,58698732.369183935
1024,2485.0,56925340.49221078
1025,2486.0,73181023.70643654
1026,2487.0,103491571.05920206
1027,2488.0,64211476.8926194
1028,2489.0,69602053.08815627
1029,2490.0,66497239.04263755
1030,2491.0,53925801.3441119
1031,2492.0,78382256.30324411
1032,2493.0,66985141.18259044
1033,2494.0,80864361.1327401
1034,2495.0,64170578.38560519
1035,2496.0,106311441.8339165
1036,2497.0,75847146.74111243
1037,2498.0,55290641.659315996
1038,2499.0,51938056.02046837
1039,2500.0,61659015.1701416
1040,2501.0,72569582.40530749
1041,2502.0,72954403.4604336
1042,2503.0,68332082.4081092
1043,2504.0,83051228.08142377
1044,2505.0,84098599.46579704
1045,2506.0,86457741.17929177
1046,2507.0,104735168.15349334
1047,2508.0,86457741.17929177
1048,2509.0,82347186.81356855
1049,2510.0,80254126.2214729
1050,2511.0,71313843.94817923
1051,2512.0,80132565.90715303
1052,2513.0,82719658.66973706
1053,2514.0,83670050.76995905
1054,2515.0,62553482.497576185
1055,2516.0,64626887.28232124
1056,2517.0,60328830.66946668
1057,2518.0,63925623.34185226
1058,2519.0,83384783.36642475
1059,2520.0,78559279.58855428
1060,2521.0,76854623.40145294
1061,2522.0,82261530.05945967
1062,2523.0,56515974.386700846
1063,2524.0,61332436.656816326
1064,2525.0,61306155.292341985
1065,2526.0,63035983.48576268
1066,2527.0,56644035.25596512
1067,2528.0,56065194.679364204
1068,2529.0,55954641.94469173
1069,2530.0,53646137.35880371
1070,2531.0,86399545.56789383
1071,2532.0,84924442.8304145
1072,2533.0,78101448.09040067
1073,2534.0,82842885.62562068
1074,2535.0,104088996.61665908
1075,2536.0,86806694.55697371
1076,2537.0,73797665.87379111
1077,2538.0,70335218.45359339
1078,2539.0,68359938.9498585
1079,2540.0,73279625.18291238
1080,2541.0,70511622.11732616
1081,2542.0,71699694.4561773
1082,2543.0,58022316.29184907
1083,2544.0,63990200.93783619
1084,2545.0,68203057.57546549
1085,2546.0,67684318.91792266
1086,2547.0,62046380.76381437
1087,2548.0,86497002.43271667
1088,2549.0,68307972.0803705
1089,2550.0,215349104.2717731
1090,2551.0,60592451.83829754
1091,2552.0,58847912.734992616
1092,2553.0,57458139.39182108
1093,2554.0,66317141.422155626
1094,2555.0,52427672.83275946
1095,2556.0,51536325.554504566
1096,2557.0,55601630.244924776
1097,2558.0,102631883.63523458
1098,2559.0,74695570.83995609
1099,2560.0,63516063.64767123
1100,2561.0,56699891.09366159
1101,2562.0,67062143.59593212
1102,2563.0,67481662.48885542
1103,2564.0,76186037.31160383
1104,2565.0,60872837.7305698
1105,2566.0,79456741.58330081
1106,2567.0,66469700.140489094
1107,2568.0,81722440.75227086
1108,2569.0,79054324.4147058
1109,2570.0,56285001.28208674
1110,2571.0,86645524.07313906
1111,2572.0,61722593.04885455
1112,2573.0,87051118.92158888
1113,2574.0,110129778.78066644
1114,2575.0,63219067.356307246
1115,2576.0,73297799.45305854
1116,2577.0,79940754.68139128
1117,2578.0,52261616.70244338
1118,2579.0,47383195.910222024
1119,2580.0,83511196.46267389
1120,2581.0,63932886.76131406
1121,2582.0,58508554.757589616
1122,2583.0,84130470.25578235
1123,2584.0,70069744.07718112
1124,2585.0,76433081.1101127
1125,2586.0,76594261.71839237
1126,2587.0,78683281.220987
1127,2588.0,57011632.97771581
1128,2589.0,61532583.00303718
1129,2590.0,79662692.78455909
1130,2591.0,97295412.39202085
1131,2592.0,86636413.12885119
1132,2593.0,82100636.26597027
1133,2594.0,70147659.42147695
1134,2595.0,72421866.6757601
1135,2596.0,96018537.74888036
1136,2597.0,79530218.15812023
1137,2598.0,100256291.67524219
1138,2599.0,93158628.35126437
1139,2600.0,87548426.58243918
1140,2601.0,58496906.67567276
1141,2602.0,57013317.43490136
1142,2603.0,54393653.54563286
1143,2604.0,56267043.35698163
1144,2605.0,57151525.17907773
1145,2606.0,61107579.0553238
1146,2607.0,73468451.33194973
1147,2608.0,83168791.47591814
1148,2609.0,68513679.27630246
1149,2610.0,51770818.69961837
1150,2611.0,81717349.61245982
1151,2612.0,66897157.90770794
1152,2613.0,53401783.15624619
1153,2614.0,55972943.36578072
1154,2615.0,70637895.92416282
1155,2616.0,60896490.263088174
1156,2617.0,90413142.04940175
1157,2618.0,77291527.92454246
1158,2619.0,92452055.02843659
1159,2620.0,71893630.35918905
1160,2621.0,75255019.69366685
1161,2622.0,78454737.63035835
1162,2623.0,89136077.90653493
1163,2624.0,100969183.98769662
1164,2625.0,116833476.6697611
1165,2626.0,66997014.84734101
1166,2627.0,68429055.38343234
1167,2628.0,112084138.53483348
1168,2629.0,128812977.4369484
1169,2630.0,100241453.85435814
1170,2631.0,115043567.11740692
1171,2632.0,111797173.35085785
1172,2633.0,87849031.02870828
1173,2634.0,98491678.82448618
1174,2635.0,64206600.17683282
1175,2636.0,81912984.40153423
1176,2637.0,64020882.68969563
1177,2638.0,94229664.58225282
1178,2639.0,81491313.51249848
1179,2640.0,64560856.47867974
1180,2641.0,56222831.97987019
1181,2642.0,77273655.35792917
1182,2643.0,57371059.58211129
1183,2644.0,67095917.13678258
1184,2645.0,54916874.81983895
1185,2646.0,52709914.62092245
1186,2647.0,56853639.82787998
1187,2648.0,63245439.10015743
1188,2649.0,71717376.16754112
1189,2650.0,62414201.58366196
1190,2651.0,70580277.565219
1191,2652.0,111198098.15651557
1192,2653.0,85277003.30421731
1193,2654.0,89666693.92323303
1194,2655.0,95185951.24911664
1195,2656.0,93511790.76305033
1196,2657.0,96232344.21815751
1197,2658.0,95655669.51950406
1198,2659.0,97559736.77816948
1199,2660.0,102752571.64747052
1200,2661.0,91909119.77308081
1201,2662.0,91144395.71676195
1202,2663.0,90083769.02304392
1203,2664.0,82390774.861574
1204,2665.0,87908161.00314571
1205,2666.0,86240171.19604301
1206,2667.0,69201989.68921216
1207,2668.0,70413007.3317055
1208,2669.0,73102721.2746266
1209,2670.0,96995128.0608797
1210,2671.0,70413007.3317055
1211,2672.0,73655115.01499948
1212,2673.0,78968221.76186848
1213,2674.0,80083331.32519348
1214,2675.0,66320333.40355355
1215,2676.0,74356389.04781395
1216,2677.0,83375159.9547167
1217,2678.0,95707406.887624
1218,2679.0,87687666.74087341
1219,2680.0,95339272.99859916
1220,2681.0,115361115.04454839
1221,2682.0,109616207.79570328
1222,2683.0,135514821.10758308
1223,2684.0,103330450.32924719
1224,2685.0,112158690.83729483
1225,2686.0,87658733.30317304
1226,2687.0,87367048.23878993
1227,2688.0,80008959.31428726
1228,2689.0,71820002.05630453
1229,2690.0,115903157.35880639
1230,2691.0,77959715.63397942
1231,2692.0,65032664.57646083
1232,2693.0,76392978.41931847
1233,2694.0,64624447.635966755
1234,2695.0,77187117.3529729
1235,2696.0,73583248.26907912
1236,2697.0,82123506.98310462
1237,2698.0,77545971.78990045
1238,2699.0,75925132.64068626
1239,2700.0,69046983.88675193
1240,2701.0,64778393.33178853
1241,2702.0,60587255.94784667
1242,2703.0,72715882.14892286
1243,2704.0,66528907.26572962
1244,2705.0,59574831.486214414
1245,2706.0,56604345.64344817
1246,2707.0,57861108.024603955
1247,2708.0,61055411.75088166
1248,2709.0,56003728.701273255
1249,2710.0,57753040.022680394
1250,2711.0,113748064.07046117
1251,2712.0,113411370.30017231
1252,2713.0,66767416.96238423
1253,2714.0,61630847.08282625
1254,2715.0,71404754.75873092
1255,2716.0,57642309.18959849
1256,2717.0,74960433.22794428
1257,2718.0,82483671.88951227
1258,2719.0,67709790.60221311
1259,2720.0,73137747.35219705
1260,2721.0,62655292.01359653
1261,2722.0,79059968.01051812
1262,2723.0,59896233.85640009
1263,2724.0,56044786.70553363
1264,2725.0,61945782.29485794
1265,2726.0,66160630.61023512
1266,2727.0,78752298.60301287
1267,2728.0,75613087.13946319
1268,2729.0,68475602.52601996
1269,2730.0,69261135.60095307
1270,2731.0,52818827.91546808
1271,2732.0,60794422.48883228
1272,2733.0,75435226.84306714
1273,2734.0,81867345.57060413
1274,2735.0,66937541.685660616
1275,2736.0,76458606.0506324
1276,2737.0,57471327.80971198
1277,2738.0,82451973.12519826
1278,2739.0,69706774.58530053
1279,2740.0,60820965.93410262
1280,2741.0,72487820.0810398
1281,2742.0,71749345.53867768
1282,2743.0,71803739.4773954
1283,2744.0,64827527.11305962
1284,2745.0,61866319.67757069
1285,2746.0,60236983.850804165
1286,2747.0,73021448.4791323
1287,2748.0,61152469.14088944
1288,2749.0,60281190.08424757
1289,2750.0,62111312.67096517
1290,2751.0,55590274.7865099
1291,2752.0,92879485.5511942
1292,2753.0,73655259.02934608
1293,2754.0,112838789.74455196
1294,2755.0,66944177.446587205
1295,2756.0,49232461.16075495
1296,2757.0,50121069.41314847
1297,2758.0,45711684.24048848
1298,2759.0,71950645.04061398
1299,2760.0,80125441.47859797
1300,2761.0,65154833.423604794
1301,2762.0,67268129.15653853
1302,2763.0,86259107.76766865
1303,2764.0,68827218.61467615
1304,2765.0,104944041.58356814
1305,2766.0,72913116.04906875
1306,2767.0,55073746.40193593
1307,2768.0,79885770.95671822
1308,2769.0,65636608.86862409
1309,2770.0,62490914.1265978
1310,2771.0,55156362.6561066
1311,2772.0,60180153.912602246
1312,2773.0,84248924.88671832
1313,2774.0,79282972.56601332
1314,2775.0,77600123.84044176
1315,2776.0,68545692.22869359
1316,2777.0,68439772.72822501
1317,2778.0,53734328.05615348
1318,2779.0,84324004.18306239
1319,2780.0,60847161.233418
1320,2781.0,53663321.92008502
1321,2782.0,53704674.413559206
1322,2783.0,65469697.59214669
1323,2784.0,59332973.77658994
1324,2785.0,72273492.49324438
1325,2786.0,40436550.90750233
1326,2787.0,62683682.387836136
1327,2788.0,53230812.565130495
1328,2789.0,90597456.86348753
1329,2790.0,60612535.585516945
1330,2791.0,59502007.69148973
1331,2792.0,59448381.61569851
1332,2793.0,79612656.98628385
1333,2794.0,60459776.74747817
1334,2795.0,64552714.52411353
1335,2796.0,52605490.282875426
1336,2797.0,105679802.49502768
1337,2798.0,67270437.76562291
1338,2799.0,62465134.05147656
1339,2800.0,50717790.48351475
1340,2801.0,59209937.64799835
1341,2802.0,69846487.96225871
1342,2803.0,95166818.50356945
1343,2804.0,73592548.3070249
1344,2805.0,54316690.960573696
1345,2806.0,54671684.94282929
1346,2807.0,63187255.405151226
1347,2808.0,63195095.28444529
1348,2809.0,57667589.614528395
1349,2810.0,62305246.16668815
1350,2811.0,75995073.5727224
1351,2812.0,62193774.63255258
1352,2813.0,97003917.99033755
1353,2814.0,96352079.81214681
1354,2815.0,54992362.07651018
1355,2816.0,91916733.03116992
1356,2817.0,60904653.59124751
1357,2818.0,53758431.59845322
1358,2819.0,74227100.45739816
1359,2820.0,71143449.36130743
1360,2821.0,61065065.702869914
1361,2822.0,86479350.58345409
1362,2823.0,138906814.38765743
1363,2824.0,82940633.98119095
1364,2825.0,69429303.04513387
1365,2826.0,62114532.2474115
1366,2827.0,75843823.06122842
1367,2828.0,101373103.57266706
1368,2829.0,77995677.95713046
1369,2830.0,88033115.4543448
1370,2831.0,69315604.6362606
1371,2832.0,92552955.5490059
1372,2833.0,83764118.97333276
1373,2834.0,81438375.64591675
1374,2835.0,84243031.78375201
1375,2836.0,74059433.69526428
1376,2837.0,75253394.73852594
1377,2838.0,64667349.79205171
1378,2839.0,71117416.04371943
1379,2840.0,77184316.11795515
1380,2841.0,78361769.77042462
1381,2842.0,80535644.65929297
1382,2843.0,66389353.11787545
1383,2844.0,70032105.31879117
1384,2845.0,55157031.54087134
1385,2846.0,78957198.06260593
1386,2847.0,78427211.57141353
1387,2848.0,74217969.31923914
1388,2849.0,82764876.94876485
1389,2850.0,93402550.55396731
1390,2851.0,88352570.07254754
1391,2852.0,85803830.18949687
1392,2853.0,85889714.07577704
1393,2854.0,55291090.17985309
1394,2855.0,75810247.14319651
1395,2856.0,78343685.20192109
1396,2857.0,74331774.38410747
1397,2858.0,73703917.2682119
1398,2859.0,67817598.6396033
1399,2860.0,59636928.277510546
1400,2861.0,66894551.988247916
1401,2862.0,77492954.28245749
1402,2863.0,56527330.91670527
1403,2864.0,96321744.2786093
1404,2865.0,60592451.83829754
1405,2866.0,78461000.15081194
1406,2867.0,53754136.35615476
1407,2868.0,66912790.11248732
1408,2869.0,77665566.32529157
1409,2870.0,75419192.0541525
1410,2871.0,68199914.78617261
1411,2872.0,40687199.95615545
1412,2873.0,64200966.05988668
1413,2874.0,74307282.30169277
1414,2875.0,66546257.64939318
1415,2876.0,68129386.21522291
1416,2877.0,69446983.06300236
1417,2878.0,73604640.24786782
1418,2879.0,71359680.91836944
1419,2880.0,64914771.1292976
1420,2881.0,72155533.15916264
1421,2882.0,78384298.3907305
1422,2883.0,78029982.61060946
1423,2884.0,73525418.71846795
1424,2885.0,78897515.9286667
1425,2886.0,95978917.58199964
1426,2887.0,58753709.08413505
1427,2888.0,65899758.56068883
1428,2889.0,45096528.53363319
1429,2890.0,46249913.058581784
1430,2891.0,76079817.51842488
1431,2892.0,44296121.66919897
1432,2893.0,67318550.9342639
1433,2894.0,49753696.65600685
1434,2895.0,88830508.27593961
1435,2896.0,84973392.7601614
1436,2897.0,84334116.58460908
1437,2898.0,85887214.09542097
1438,2899.0,79413890.97657086
1439,2900.0,68212421.8045681
1440,2901.0,84754387.10693896
1441,2902.0,75878244.1696139
1442,2903.0,96050473.53059174
1443,2904.0,92932574.9695276
1444,2905.0,71897687.1077716
1445,2906.0,75110683.5437338
1446,2907.0,61288371.88873283
1447,2908.0,55395111.77632915
1448,2909.0,86213881.8125778
1449,2910.0,45562214.64308832
1450,2911.0,57013317.43490136
1451,2912.0,72035630.1792856
1452,2913.0,57084449.954207264
1453,2914.0,56267043.35698163
1454,2915.0,56267043.35698163
1455,2916.0,57084948.00169281
1456,2917.0,69198610.564226
1457,2918.0,58100342.35619702
1458,2919.0,86788051.23506509
