Id,SalePrice
1461.0,57359399.866457246
1462.0,72350731.51233934
1463.0,76091302.79852244
1464.0,75440911.13289848
1465.0,71518380.96998243
1466.0,74662738.19210462
1467.0,67641987.68146808
1468.0,70082152.84452708
1469.0,73476110.30834205
1470.0,56427897.401980214
1471.0,74132214.51437166
1472.0,53686313.34546067
1473.0,56972282.14125536
1474.0,70512620.81640181
1475.0,54237827.03732403
1476.0,102998730.90704721
1477.0,82549508.80944224
1478.0,87865497.08102323
1479.0,92297639.24591872
1480.0,126525812.47670142
1481.0,101621939.6822709
1482.0,74956040.87668768
1483.0,73025797.34528744
1484.0,66434413.240890846
1485.0,65069298.60046651
1486.0,77762805.17121553
1487.0,107360122.6029456
1488.0,84433513.61649074
1489.0,69854985.6218843
1490.0,78653394.80469394
1491.0,75844455.90996438
1492.0,59205023.873309284
1493.0,77266330.73302762
1494.0,98861010.24771832
1495.0,97408694.94859824
1496.0,79351831.19821672
1497.0,76774328.30897503
1498.0,61475089.63282158
1499.0,61475089.63282158
1500.0,62369088.56443428
1501.0,71035752.0833625
1502.0,57642309.18959849
1503.0,79261764.47873907
1504.0,82623499.06716292
1505.0,79732784.92438644
1506.0,91665814.42363027
1507.0,102673988.37514247
1508.0,86942874.21699928
1509.0,74779453.69128497
1510.0,69318726.58198906
1511.0,68503733.08484215
1512.0,79732548.14228678
1513.0,78042706.62259692
1514.0,86299775.61983226
1515.0,103253154.11660655
1516.0,73273714.05041659
1517.0,64673668.917465515
1518.0,83293187.45313619
1519.0,79366380.9352287
1520.0,65410885.672761805
1521.0,67763019.98716237
1522.0,79920174.00043187
1523.0,66452512.57303483
1524.0,61152343.52988455
1525.0,59003858.48978186
1526.0,59515692.47364257
1527.0,57524228.218972795
1528.0,63418509.909557074
1529.0,67117294.48293383
1530.0,75229578.70064987
1531.0,79600899.73827498
1532.0,56406739.811587185
1533.0,73664299.92108709
1534.0,64008765.99888241
1535.0,76131086.20092542
1536.0,66267323.21045607
1537.0,53732879.908492856
1538.0,72972621.81724529
1539.0,89117716.00416355
1540.0,90158732.111492
1541.0,70128856.94975804
1542.0,75737608.92784278
1543.0,88370001.18107793
1544.0,50653627.66104103
1545.0,58414258.554415606
1546.0,62089177.379778914
1547.0,69890980.59738319
1548.0,67944939.38235886
1549.0,56280001.88854229
1550.0,72987904.06298907
1551.0,62552696.08739944
1552.0,83370040.48830415
1553.0,70301174.1420173
1554.0,63534879.04422376
1555.0,83726910.77551533
1556.0,61457448.74124456
1557.0,71164456.35049514
1558.0,52911976.80831396
1559.0,78814007.602863
1560.0,75912824.117386
1561.0,90189843.90018687
1562.0,56289158.00470135
1563.0,55064072.23876408
1564.0,74632330.92851625
1565.0,68519987.31094323
1566.0,78987845.74532725
1567.0,50417772.82280589
1568.0,87172912.28072919
1569.0,75843497.88489668
1570.0,60609871.25601963
1571.0,72473746.95164256
1572.0,66596453.57856896
1573.0,80339555.92079294
1574.0,71479463.95882523
1575.0,77183815.24067828
1576.0,82298671.16060357
1577.0,69843191.85969032
1578.0,68255814.42689882
1579.0,59379914.22117924
1580.0,77317236.47782779
1581.0,61262877.92164778
1582.0,56140334.29877211
1583.0,98558189.253411
1584.0,89765878.51222537
1585.0,55291090.17985309
1586.0,42242975.30097566
1587.0,55887456.23958986
1588.0,67559199.33636193
1589.0,60712590.96423338
1590.0,63434615.40614099
1591.0,57691506.022678144
1592.0,69365325.3225973
1593.0,54818792.30485014
1594.0,93933555.38869223
1595.0,74516581.28388537
1596.0,93246763.13470083
1597.0,91067386.2698317
1598.0,73283198.36531053
1599.0,62276455.896697454
1600.0,68248917.26018788
1601.0,42031974.56026063
1602.0,59455045.87208036
1603.0,56400754.91094247
1604.0,84973392.7601614
1605.0,85558258.95438686
1606.0,71120333.02102421
1607.0,100009126.64361526
1608.0,74500542.18662208
1609.0,69266185.77468899
1610.0,66806655.69852426
1611.0,69357203.04474325
1612.0,77473731.76679803
1613.0,74398180.4108211
1614.0,58053323.06926202
1615.0,56267043.35698163
1616.0,56267043.35698163
1617.0,57106642.3466689
1618.0,55609394.13329806
1619.0,54706892.91354413
1620.0,100074047.25933884
1621.0,63706798.48049154
1622.0,70632081.97043113
1623.0,90116580.17424434
1624.0,83359984.76794018
1625.0,56256675.44679106
1626.0,77046609.89708708
1627.0,75755971.44987513
1628.0,94184434.31387463
1629.0,72554493.61524203
1630.0,115966339.94000214
1631.0,78528868.76145898
1632.0,87547631.82439774
1633.0,65232271.78347962
1634.0,76474046.20747367
1635.0,70403842.92947312
1636.0,67856473.68892305
1637.0,85165613.24040404
1638.0,87357094.03822856
1639.0,84219651.47503059
1640.0,106354826.17073673
1641.0,83487493.53156833
1642.0,83421062.33087358
1643.0,84252865.51321402
1644.0,81596973.98178855
1645.0,83835828.46986976
1646.0,65230533.10619073
1647.0,67960359.52199195
1648.0,67394239.79182753
1649.0,62123176.089669354
1650.0,55903818.5145944
1651.0,55914914.71082521
1652.0,53708505.7379223
1653.0,53765282.20479516
1654.0,72250078.46169916
1655.0,62766615.78800637
1656.0,70534813.20886345
1657.0,72272270.8541608
1658.0,70545909.40509427
1659.0,54354058.30332522
1660.0,63996989.065203644
1661.0,116169828.54874943
1662.0,109465925.17594142
1663.0,100332440.6315861
1664.0,123991457.68081535
1665.0,89604825.04709451
1666.0,91518127.7001236
1667.0,106170634.74684651
1668.0,90102964.2957192
1669.0,81414384.87566979
1670.0,92108916.7078461
1671.0,89665896.19991064
1672.0,116301525.77179503
1673.0,98423259.8259666
1674.0,84776959.1032881
1675.0,74441811.7092077
1676.0,72905130.31392321
1677.0,74441721.69055583
1678.0,118004658.97126347
1679.0,106340176.27016196
1680.0,94571625.57667036
1681.0,78325993.00876999
1682.0,88242245.41290443
1683.0,76177609.86451876
1684.0,69230620.72684786
1685.0,70269244.63687871
1686.0,69096390.99186274
1687.0,65068800.55298095
1688.0,75411835.88167071
1689.0,74234264.49427933
1690.0,70842711.87201531
1691.0,65974824.992803186
1692.0,85552857.90821236
1693.0,65069298.60046651
1694.0,71543833.24631383
1695.0,66595899.373626694
1696.0,97170625.89089535
1697.0,66624179.64991989
1698.0,110235131.90228148
1699.0,101268893.59001204
1700.0,89343857.23639682
1701.0,94930250.00323395
1702.0,88480225.502379
1703.0,86092582.23351623
1704.0,88330077.21758418
1705.0,77219187.63015641
1706.0,117274140.31143585
1707.0,77529153.4027107
1708.0,76537841.23067392
1709.0,82363815.9476433
1710.0,77958753.68432419
1711.0,81056087.65271346
1712.0,92387207.40302455
1713.0,86364842.22564133
1714.0,81987767.28746967
1715.0,75862802.31900935
1716.0,69553960.36687146
1717.0,66421680.71288591
1718.0,65616062.90820036
1719.0,79945816.77671479
1720.0,81239496.08938752
1721.0,65656457.34637169
1722.0,63953069.96613174
1723.0,65585125.26945984
1724.0,78790385.96591878
1725.0,88661638.63260086
1726.0,77519334.77396573
1727.0,73472842.71280856
1728.0,71839145.17222975
1729.0,67289248.76687036
1730.0,77008099.51759164
1731.0,59656032.44740839
1732.0,56273756.09632655
1733.0,55439381.333325006
1734.0,60872710.48526765
1735.0,56849631.489078544
1736.0,56702789.96664038
1737.0,99679185.71987483
1738.0,79947900.80436072
1739.0,117007307.03977174
1740.0,88366232.56867592
1741.0,70425249.67642123
1742.0,71035254.03587696
1743.0,69072272.26388241
1744.0,87119095.69534051
1745.0,88559532.29273303
1746.0,97746952.2434022
1747.0,88671416.37373766
1748.0,103382403.57458213
1749.0,72941711.43613581
1750.0,68341546.68270585
1751.0,94719805.99675986
1752.0,55143970.97415703
1753.0,81673304.5316169
1754.0,89683021.6969313
1755.0,72123178.85362601
1756.0,56398488.81895312
1757.0,55043889.293793194
1758.0,72766013.8820709
1759.0,83550186.46127725
1760.0,72612237.46420322
1761.0,71610729.49829583
1762.0,87130358.13185781
1763.0,79386969.02407867
1764.0,58628688.28453708
1765.0,86512193.2052486
1766.0,77613479.60582432
1767.0,81906351.47736523
1768.0,65511640.91156372
1769.0,72774463.15437362
1770.0,59646268.86135254
1771.0,67558483.54544276
1772.0,74365540.05982713
1773.0,67427260.41551757
1774.0,92798965.11067589
1775.0,62343298.87747098
1776.0,61603625.24892472
1777.0,52057669.15241402
1778.0,60950666.400781125
1779.0,61004625.76525221
1780.0,70669269.85186088
1781.0,67253568.94956103
1782.0,52463833.201439366
1783.0,66124993.66026988
1784.0,54990344.19507721
1785.0,62341307.41909673
1786.0,98780192.49309325
1787.0,74797745.06138165
1788.0,42856086.44029739
1789.0,53906448.53143705
1790.0,48485159.547022365
1791.0,103978249.26109044
1792.0,74448221.23812355
1793.0,62196239.20391812
1794.0,58789497.62600565
1795.0,64004901.766520716
1796.0,59356070.82454697
1797.0,62485828.94898818
1798.0,61570294.473909505
1799.0,49868832.13814277
1800.0,62672022.82376056
1801.0,69854282.22503656
1802.0,72788892.59479985
1803.0,79656003.58487129
1804.0,58847789.658896595
1805.0,61718189.2958123
1806.0,67627554.95108145
1807.0,83207408.31569181
1808.0,61897968.45871233
1809.0,65972564.68748524
1810.0,71578594.08144535
1811.0,74511128.75306709
1812.0,67637195.46616341
1813.0,65556968.65431931
1814.0,54423069.021815
1815.0,41488502.76016811
1816.0,50840629.84966821
1817.0,70640558.61962394
1818.0,85069961.15243845
1819.0,62641465.20504277
1820.0,50586515.08188484
1821.0,71624165.14282115
1822.0,70879491.58210509
1823.0,47449854.636262156
1824.0,72908618.26725867
1825.0,71943492.39933391
1826.0,58979010.98850054
1827.0,59186863.015734814
1828.0,74095725.20563431
1829.0,64906762.46980489
1830.0,80416672.66622837
1831.0,82707659.43344034
1832.0,88104361.89395009
1833.0,82356591.46542297
1834.0,65943720.80049343
1835.0,80524991.4503578
1836.0,79262899.57748102
1837.0,54560155.25354137
1838.0,66574668.06810356
1839.0,47760255.86910205
1840.0,66953397.05974365
1841.0,65794773.22047917
1842.0,58067530.77539426
1843.0,63136557.561331965
1844.0,58484239.85795666
1845.0,76554309.546016
1846.0,65759844.81412081
1847.0,92009188.97973962
1848.0,42165053.867614605
1849.0,65988445.06582036
1850.0,62866682.36085171
1851.0,73768346.90460366
1852.0,63190118.06498032
1853.0,62073386.21337985
1854.0,63163906.96286935
1855.0,68511331.39738251
1856.0,84196983.91869633
1857.0,80925066.25004278
1858.0,86844257.0935644
1859.0,70695699.08059828
1860.0,69010019.7952983
1861.0,70018281.08869936
1862.0,109311485.80733217
1863.0,109311485.80733217
1864.0,109311485.80733217
1865.0,87602860.01093113
1866.0,89044764.89816155
1867.0,79815874.55252217
1868.0,92469721.16870968
1869.0,72418508.86470069
1870.0,71598177.5962771
1871.0,80728079.59350052
1872.0,68197947.40539883
1873.0,82910116.72300528
1874.0,60487200.21670858
1875.0,78449183.18516013
1876.0,79780623.06565419
1877.0,77812834.46130085
1878.0,79755625.05970745
1879.0,56951402.03312527
1880.0,57516811.07114466
1881.0,85691430.61009076
1882.0,92203421.50719221
1883.0,77785582.22532788
1884.0,82840861.74934156
1885.0,79971228.0858301
1886.0,92001667.99338292
1887.0,76650726.5423647
1888.0,84365593.132125
1889.0,66425101.36342029
1890.0,65425034.39970801
1891.0,60592451.83829754
1892.0,55495065.483687095
1893.0,71505919.56699596
1894.0,84408691.63123246
1895.0,78276934.65653238
1896.0,64715488.8930856
1897.0,64498537.41602207
1898.0,61040210.1446042
1899.0,66003647.09165943
1900.0,60628936.99366785
1901.0,72731626.30168638
1902.0,70248923.8336369
1903.0,98491461.31356554
1904.0,64435469.80926935
1905.0,81425743.622229
1906.0,73539750.15373711
1907.0,90707443.69991218
1908.0,55856428.55603508
1909.0,61405422.844985776
1910.0,61405422.844985776
1911.0,84113776.24277742
1912.0,108122477.5531484
1913.0,87861800.38766338
1914.0,43482537.41739863
1915.0,84959387.97678941
1916.0,47173194.026713036
1917.0,89134558.47617446
1918.0,57544783.001281895
1919.0,69556542.3187671
1920.0,83512220.91251045
1921.0,101579963.9379486
1922.0,86219243.19636582
1923.0,92278839.79336546
1924.0,80089362.78865194
1925.0,86662342.28360288
1926.0,98828668.96253677
1927.0,60709633.95891759
1928.0,74405284.85902081
1929.0,52740224.82705524
1930.0,59726897.42879326
1931.0,56877517.53189913
1932.0,63662447.892724596
1933.0,75332186.13884015
1934.0,75429814.93666767
1935.0,68961750.64458387
1936.0,75446567.18815713
1937.0,75873061.40811305
1938.0,74824513.83121504
1939.0,86461670.16744621
1940.0,71518380.96998243
1941.0,76217935.10402207
1942.0,76886037.3161216
1943.0,73478545.92149432
1944.0,101736089.39700331
1945.0,94595718.1146886
1946.0,79203919.40637375
1947.0,87835222.84686455
1948.0,79380107.9741189
1949.0,86584955.91178064
1950.0,70907442.59568937
1951.0,100488237.4688254
1952.0,90125524.4872209
1953.0,68593058.90731196
1954.0,87188487.31116894
1955.0,65200105.11662688
1956.0,114794895.4313098
1957.0,77283823.75494653
1958.0,98686866.82454748
1959.0,79579915.87283055
1960.0,57744386.99426035
1961.0,55943545.74846091
1962.0,53708505.7379223
1963.0,53946275.9730716
1964.0,63382045.49594136
1965.0,70569679.41647373
1966.0,62776079.81828072
1967.0,84043877.94319502
1968.0,115802485.51674755
1969.0,97183105.62591429
1970.0,116602354.2637336
1971.0,115884327.49173388
1972.0,101305057.67668912
1973.0,88649583.6806824
1974.0,97564247.81580877
1975.0,117139795.90739362
1976.0,83428350.09303464
1977.0,109523896.01001132
1978.0,114123673.6962199
1979.0,94485988.63275994
1980.0,74804845.91882671
1981.0,92282291.95448469
1982.0,74102325.27627464
1983.0,74102325.27627464
1984.0,74175530.51444332
1985.0,78258881.30238743
1986.0,81924135.18059132
1987.0,69535887.73942012
1988.0,71546559.46228483
1989.0,77235274.2154964
1990.0,84161589.89129199
1991.0,74441721.69055583
1992.0,83479254.09261832
1993.0,67921098.3001441
1994.0,94776952.49637221
1995.0,75719557.34272568
1996.0,93656406.89145719
1997.0,97648810.07535055
1998.0,99637705.63888086
1999.0,90574832.7775561
2000.0,102770798.48102847
2001.0,93299676.0545597
2002.0,83111755.81082489
2003.0,88100215.76183587
2004.0,83946352.57964131
2005.0,78288760.48600365
2006.0,75278286.13252117
2007.0,86249171.99786721
2008.0,69228591.4117194
2009.0,76952452.48837154
2010.0,75965015.17995022
2011.0,66259307.58788522
2012.0,67207249.14403887
2013.0,73653557.55798815
2014.0,76847670.32205908
2015.0,75690864.58530244
2016.0,76594870.97199483
2017.0,77850958.33872913
2018.0,59761913.138322406
2019.0,55382820.780738614
2020.0,56109808.6678224
2021.0,54997777.19457825
2022.0,76773055.0019189
2023.0,77003862.01255259
2024.0,105104220.085685
2025.0,116668418.40892623
2026.0,70227697.3923224
2027.0,61458052.83890224
2028.0,67670031.96521693
2029.0,71891109.26141551
2030.0,84753747.99063127
2031.0,72874821.89659302
2032.0,77046421.0564518
2033.0,81854655.28887561
2034.0,67452374.21060443
2035.0,79673814.72937723
2036.0,75495133.34691353
2037.0,76026861.38117377
2038.0,99847519.46494804
2039.0,69891462.65758185
2040.0,114461905.5056254
2041.0,84431534.94738661
2042.0,81085462.16603549
2043.0,76697101.22839414
2044.0,88307963.97796129
2045.0,84050465.87771395
2046.0,83890956.35281563
2047.0,69241422.52163365
2048.0,58060744.60474553
2049.0,87979189.51349327
2050.0,75741134.58203463
2051.0,54015256.19054518
2052.0,64768057.33202459
2053.0,64368650.9533489
2054.0,50084199.92002132
2055.0,77672377.98680258
2056.0,67526732.35347824
2057.0,61379440.40260687
2058.0,86944859.660714
2059.0,66569589.80216991
2060.0,75708212.57254958
2061.0,80564481.86044098
2062.0,64142948.72448435
2063.0,54411221.00069355
2064.0,66614895.425017275
2065.0,58657871.59857071
2066.0,85078484.66639906
2067.0,77213824.74662167
2068.0,91196710.52208592
2069.0,49779408.43786048
2070.0,60694814.458110236
2071.0,47669998.14464213
2072.0,74792451.01017338
2073.0,61181331.058691986
2074.0,72273831.86541228
2075.0,63409455.13278436
2076.0,56167492.719822295
2077.0,69617987.3594404
2078.0,61108636.68500532
2079.0,66402913.04617996
2080.0,59090584.796450764
2081.0,65189514.654525496
2082.0,88963904.79946806
2083.0,74091424.7008432
2084.0,53657607.013657235
2085.0,64364783.63404321
2086.0,59623474.88408708
2087.0,66738155.73692164
2088.0,64944063.41915322
2089.0,47551571.74555322
2090.0,67965318.82551804
2091.0,71648740.19158329
2092.0,76101521.34269221
2093.0,77541034.63199864
2094.0,59234228.12969957
2095.0,71059347.34880918
2096.0,52834977.77730601
2097.0,56737436.61232286
2098.0,73055207.59062102
2099.0,37801391.27583859
2100.0,73639277.23711643
2101.0,73421086.00919537
2102.0,67190015.85112026
2103.0,54118528.07528416
2104.0,95986211.01181506
2105.0,68933732.2209605
2106.0,58746329.615210295
2107.0,101051468.80103849
2108.0,59502598.25357086
2109.0,62087288.42652478
2110.0,64150680.54189173
2111.0,75735609.01460327
2112.0,79263058.71056895
2113.0,62016196.516090125
2114.0,62226170.58595962
2115.0,76694064.73552136
2116.0,57997703.01381512
2117.0,71421048.95041387
2118.0,66018646.49914747
2119.0,59690878.30291542
2120.0,60118505.557476655
2121.0,56588093.23443464
2122.0,59317807.64119274
2123.0,47258815.44385985
2124.0,87017961.85250668
2125.0,85174081.12313582
2126.0,78524332.33111805
2127.0,87507041.59038563
2128.0,72521098.88281684
2129.0,51565155.76773791
2130.0,70874929.7093371
2131.0,87915204.9564196
2132.0,66253568.41269673
2133.0,61277216.49404705
2134.0,63300102.76930512
2135.0,49427332.05419294
2136.0,63377228.67590145
2137.0,61727636.17861396
2138.0,62712326.03331842
2139.0,63850292.38462944
2140.0,59849520.74807767
2141.0,58446552.81888032
2142.0,62791276.63282392
2143.0,65204646.30874286
2144.0,66153704.50788708
2145.0,58633115.072989605
2146.0,66698175.011137836
2147.0,83138579.67371602
2148.0,66236799.79412353
2149.0,58122926.60710158
2150.0,80333352.25424416
2151.0,57033630.5471774
2152.0,78647981.41893151
2153.0,79016251.7982017
2154.0,54341307.1809301
2155.0,62406342.51223813
2156.0,108328223.3909172
2157.0,84295327.01451175
2158.0,90689897.44605254
2159.0,86857953.00639841
2160.0,65802060.82167969
2161.0,85154073.77433176
2162.0,111090800.6620959
2163.0,90737658.7232925
2164.0,80306261.55561365
2165.0,81534517.08055636
2166.0,60744657.34332896
2167.0,76819803.65396975
2168.0,79335432.55136906
2169.0,75177636.93288861
2170.0,81501243.66236968
2171.0,65430909.136263445
2172.0,63864983.02899139
2173.0,76969803.44210815
2174.0,93987697.94355682
2175.0,90125075.35392597
2176.0,90979465.4478575
2177.0,96591598.99516472
2178.0,79112521.56850646
2179.0,55301688.32859836
2180.0,92867707.31683187
2181.0,77652318.15964091
2182.0,83088591.99983902
2183.0,74896792.53365721
2184.0,63469174.522781976
2185.0,58403122.74844039
2186.0,65528668.965834305
2187.0,64783495.85886025
2188.0,67034233.782330915
2189.0,141464869.6587725
2190.0,57458139.39182108
2191.0,57458139.39182108
2192.0,51118279.57882624
2193.0,55414686.68562077
2194.0,55802055.23772298
2195.0,57217834.958025925
2196.0,62589621.450580075
2197.0,66168149.799606964
2198.0,74248759.29697923
2199.0,83119792.96852732
2200.0,63873548.56640052
2201.0,62745533.04130066
2202.0,70015009.72483192
2203.0,73462017.84498449
2204.0,84489995.4804029
2205.0,67989371.08062597
2206.0,63519950.871817246
2207.0,80795979.43041976
2208.0,90142084.41161871
2209.0,93934155.42274687
2210.0,55884708.83232828
2211.0,56271249.14625562
2212.0,58906331.30135742
2213.0,61356936.90636058
2214.0,74850900.45504919
2215.0,54157881.63502432
2216.0,86187893.90619196
2217.0,45833632.673634864
2218.0,61930950.92640515
2219.0,54547274.847276665
2220.0,50227650.0572535
2221.0,85080993.16485015
2222.0,84823156.53446497
2223.0,99051915.48290707
2224.0,81714770.31201915
2225.0,76155598.49543183
2226.0,86323473.36752409
2227.0,78226518.07083622
2228.0,81909465.26112339
2229.0,80384495.03239171
2230.0,66376780.07261264
2231.0,74806834.95275195
2232.0,79225538.78928316
2233.0,70706915.96216716
2234.0,77425173.97690345
2235.0,85957806.38355593
2236.0,89364071.42900564
2237.0,98178478.04684444
2238.0,74728076.23927027
2239.0,63168430.53137941
2240.0,67812519.05080579
2241.0,69105594.73774628
2242.0,62310110.26108605
2243.0,69115386.54428408
2244.0,54278816.54981827
2245.0,53871010.91233913
2246.0,65699055.95431084
2247.0,56321829.674328946
2248.0,53401783.15624619
2249.0,54469204.38693274
2250.0,56597908.97766215
2251.0,79374067.56566805
2252.0,82689691.1492232
2253.0,65242631.18196686
2254.0,74062327.39855771
2255.0,78279322.57584585
2256.0,71232762.36497961
2257.0,93326617.59809221
2258.0,67670618.7191038
2259.0,75893100.86055793
2260.0,66540038.029357724
2261.0,67564986.40466654
2262.0,72902562.32568105
2263.0,102762007.58331217
2264.0,114780789.25485048
2265.0,75388916.91341896
2266.0,84180019.63918598
2267.0,107651845.33570756
2268.0,98761132.21986702
2269.0,71447444.23849478
2270.0,69776012.74267803
2271.0,85188103.84153529
2272.0,83486036.87068258
2273.0,67361940.19837077
2274.0,73351831.83115108
2275.0,72815411.78603072
2276.0,72559523.54229794
2277.0,84008482.42901886
2278.0,73503444.30662328
2279.0,57193424.50999873
2280.0,56787282.951126814
2281.0,73693011.5548294
2282.0,74112499.38819683
2283.0,56864736.0241108
2284.0,61795424.51306372
2285.0,62474579.0626855
2286.0,59875952.695903786
2287.0,92095521.71260051
2288.0,88055670.08892001
2289.0,104112294.63865091
2290.0,115864228.69802742
2291.0,102489132.51159227
2292.0,100911994.77428362
2293.0,120190594.53251062
2294.0,115113150.38596614
2295.0,111359187.746251
2296.0,97967344.43034346
2297.0,89183863.77892594
2298.0,92060374.83117443
2299.0,120367156.80176255
2300.0,100402173.3024658
2301.0,81518508.70137991
2302.0,85105686.82304676
2303.0,88185128.36934441
2304.0,86818293.84366556
2305.0,72779276.6807455
2306.0,72779276.6807455
2307.0,74522562.67809662
2308.0,82197135.89933944
2309.0,82891090.88405457
2310.0,73433518.93230799
2311.0,76177609.86451876
2312.0,71221647.57724063
2313.0,71728325.493813
2314.0,68052092.31183258
2315.0,70459839.3943357
2316.0,76095404.56741785
2317.0,72981332.00085233
2318.0,70864018.34213592
2319.0,69280595.34811713
2320.0,70638457.5585215
2321.0,82317231.77605797
2322.0,70802800.95106085
2323.0,63638241.76239524
2324.0,65069796.64795206
2325.0,80732514.24382602
2326.0,65619323.49911888
2327.0,83198917.30562122
2328.0,84518269.23956637
2329.0,77568064.48240714
2330.0,76723502.12381737
2331.0,110857023.811304
2332.0,120952539.05406389
2333.0,106685783.96449035
2334.0,97508263.32251012
2335.0,92825657.25862366
2336.0,105220771.76762097
2337.0,75243043.42294675
2338.0,82407258.11142965
2339.0,80986466.02493288
2340.0,98897351.80895208
2341.0,80794853.58306314
2342.0,81187635.27163114
2343.0,80425314.19924298
2344.0,85968309.43603791
2345.0,86868200.24079208
2346.0,74100543.1667202
2347.0,73884303.5733849
2348.0,80343066.50057982
2349.0,72982953.88806355
2350.0,84098274.87514424
2351.0,83165942.61281063
2352.0,87160321.35136034
2353.0,100281597.55487812
2354.0,63483710.68425502
2355.0,65109547.71832549
2356.0,64844980.91490653
2357.0,79310786.95258555
2358.0,80489442.10396452
2359.0,62644120.61328719
2360.0,56358298.06589236
2361.0,62760780.006667495
2362.0,102187406.71614636
2363.0,61994742.414581515
2364.0,62924988.67477735
2365.0,75389465.2954531
2366.0,66754757.166671395
2367.0,81834654.88874917
2368.0,74207200.95027204
2369.0,81768039.48455866
2370.0,70675730.89739208
2371.0,72650924.84965886
2372.0,74681199.97692762
2373.0,88641731.82043634
2374.0,99966963.27062175
2375.0,79415726.70583627
2376.0,109382798.08548757
2377.0,116867713.11777253
2378.0,64649585.80215725
2379.0,98978761.2846386
2380.0,63085283.9930941
2381.0,71817837.2658838
2382.0,80463230.02672556
2383.0,83072146.34808446
2384.0,89664563.53243534
2385.0,64162744.436696745
2386.0,62111197.95037735
2387.0,63156003.89439281
2388.0,61300632.31925348
2389.0,61925743.96196058
2390.0,65394197.86620342
2391.0,60136404.33286588
2392.0,56180974.840485714
2393.0,67877155.70600924
2394.0,62131765.669384815
2395.0,88226805.27750072
2396.0,72463433.69191353
2397.0,84549875.29219821
2398.0,56505612.2274081
2399.0,46605385.63133181
2400.0,43586192.233884536
2401.0,52952062.24966614
2402.0,65111810.652496375
2403.0,82388734.12669918
2404.0,67835854.56538242
2405.0,69979177.06208467
2406.0,57744851.46075354
2407.0,60361549.50431948
2408.0,63205792.04275078
2409.0,65538322.55061173
2410.0,84862167.61472665
2411.0,57176739.5652241
2412.0,74013052.84770061
2413.0,68157568.89783868
2414.0,63986595.73981897
2415.0,81398148.95932032
2416.0,58412992.74308838
2417.0,61503460.594763644
2418.0,57118741.54574583
2419.0,75250561.04552756
2420.0,57485184.80017379
2421.0,80513684.16242814
2422.0,57512807.542035624
2423.0,71718197.83204499
2424.0,81199389.45029095
2425.0,114744466.32229877
2426.0,67694490.00603904
2427.0,68986386.82037257
2428.0,75030683.31221132
2429.0,55969171.39441345
2430.0,58385545.44875683
2431.0,66599200.791319974
2432.0,61521610.54110763
2433.0,66487839.82136054
2434.0,69145665.20287833
2435.0,74238069.52861981
2436.0,51424096.43645213
2437.0,55037585.495675184
2438.0,57441773.50950541
2439.0,58311124.16559469
2440.0,66312870.72349904
2441.0,60152790.02343898
2442.0,58076208.62804752
2443.0,61090727.27722061
2444.0,60827795.78830708
2445.0,58781839.44793872
2446.0,81053060.68842454
2447.0,78381816.52040921
2448.0,74013380.30303054
2449.0,61378375.66154542
2450.0,75978666.7415419
2451.0,65215163.42227816
2452.0,97402660.52226868
2453.0,52750701.4360935
2454.0,65568212.707369454
2455.0,59227090.00242085
2456.0,69946894.19962248
2457.0,63353660.69340847
2458.0,60830836.77605977
2459.0,55372777.65034603
2460.0,69234856.96369757
2461.0,65310086.1951601
2462.0,70201914.62725945
2463.0,64972243.93042942
2464.0,93140619.00107531
2465.0,67147550.80730651
2466.0,66689758.351041265
2467.0,65077265.07468895
2468.0,60676490.042228125
2469.0,64245493.490835585
2470.0,95000063.83631073
2471.0,83851482.59438233
2472.0,92323579.31459822
2473.0,66292609.93803177
2474.0,69462346.7161345
2475.0,94003388.43070383
2476.0,63553911.570068516
2477.0,59633870.305021785
2478.0,77499078.41972719
2479.0,60691612.60736079
2480.0,61268907.64719317
2481.0,61537067.30687832
2482.0,55456249.31857406
2483.0,56111819.00515272
2484.0,58698732.369183935
2485.0,56925340.49221078
2486.0,73181023.70643654
2487.0,103491571.05920206
2488.0,64211476.8926194
2489.0,69602053.08815627
2490.0,66497239.04263755
2491.0,53925801.3441119
2492.0,78382256.30324411
2493.0,66985141.18259044
2494.0,80864361.1327401
2495.0,64170578.38560519
2496.0,106311441.8339165
2497.0,75847146.74111243
2498.0,55290641.659315996
2499.0,51938056.02046837
2500.0,61659015.1701416
2501.0,72569582.40530749
2502.0,72954403.4604336
2503.0,68332082.4081092
2504.0,83051228.08142377
2505.0,84098599.46579704
2506.0,86457741.17929177
2507.0,104735168.15349334
2508.0,86457741.17929177
2509.0,82347186.81356855
2510.0,80254126.2214729
2511.0,71313843.94817923
2512.0,80132565.90715303
2513.0,82719658.66973706
2514.0,83670050.76995905
2515.0,62553482.497576185
2516.0,64626887.28232124
2517.0,60328830.66946668
2518.0,63925623.34185226
2519.0,83384783.36642475
2520.0,78559279.58855428
2521.0,76854623.40145294
2522.0,82261530.05945967
2523.0,56515974.386700846
2524.0,61332436.656816326
2525.0,61306155.292341985
2526.0,63035983.48576268
2527.0,56644035.25596512
2528.0,56065194.679364204
2529.0,55954641.94469173
2530.0,53646137.35880371
2531.0,86399545.56789383
2532.0,84924442.8304145
2533.0,78101448.09040067
2534.0,82842885.62562068
2535.0,104088996.61665908
2536.0,86806694.55697371
2537.0,73797665.87379111
2538.0,70335218.45359339
2539.0,68359938.9498585
2540.0,73279625.18291238
2541.0,70511622.11732616
2542.0,71699694.4561773
2543.0,58022316.29184907
2544.0,63990200.93783619
2545.0,68203057.57546549
2546.0,67684318.91792266
2547.0,62046380.76381437
2548.0,86497002.43271667
2549.0,68307972.0803705
2550.0,215349104.2717731
2551.0,60592451.83829754
2552.0,58847912.734992616
2553.0,57458139.39182108
2554.0,66317141.422155626
2555.0,52427672.83275946
2556.0,51536325.554504566
2557.0,55601630.244924776
2558.0,102631883.63523458
2559.0,74695570.83995609
2560.0,63516063.64767123
2561.0,56699891.09366159
2562.0,67062143.59593212
2563.0,67481662.48885542
2564.0,76186037.31160383
2565.0,60872837.7305698
2566.0,79456741.58330081
2567.0,66469700.140489094
2568.0,81722440.75227086
2569.0,79054324.4147058
2570.0,56285001.28208674
2571.0,86645524.07313906
2572.0,61722593.04885455
2573.0,87051118.92158888
2574.0,110129778.78066644
2575.0,63219067.356307246
2576.0,73297799.45305854
2577.0,79940754.68139128
2578.0,52261616.70244338
2579.0,47383195.910222024
2580.0,83511196.46267389
2581.0,63932886.76131406
2582.0,58508554.757589616
2583.0,84130470.25578235
2584.0,70069744.07718112
2585.0,76433081.1101127
2586.0,76594261.71839237
2587.0,78683281.220987
2588.0,57011632.97771581
2589.0,61532583.00303718
2590.0,79662692.78455909
2591.0,97295412.39202085
2592.0,86636413.12885119
2593.0,82100636.26597027
2594.0,70147659.42147695
2595.0,72421866.6757601
2596.0,96018537.74888036
2597.0,79530218.15812023
2598.0,100256291.67524219
2599.0,93158628.35126437
2600.0,87548426.58243918
2601.0,58496906.67567276
2602.0,57013317.43490136
2603.0,54393653.54563286
2604.0,56267043.35698163
2605.0,57151525.17907773
2606.0,61107579.0553238
2607.0,73468451.33194973
2608.0,83168791.47591814
2609.0,68513679.27630246
2610.0,51770818.69961837
2611.0,81717349.61245982
2612.0,66897157.90770794
2613.0,53401783.15624619
2614.0,55972943.36578072
2615.0,70637895.92416282
2616.0,60896490.263088174
2617.0,90413142.04940175
2618.0,77291527.92454246
2619.0,92452055.02843659
2620.0,71893630.35918905
2621.0,75255019.69366685
2622.0,78454737.63035835
2623.0,89136077.90653493
2624.0,100969183.98769662
2625.0,116833476.6697611
2626.0,66997014.84734101
2627.0,68429055.38343234
2628.0,112084138.53483348
2629.0,128812977.4369484
2630.0,100241453.85435814
2631.0,115043567.11740692
2632.0,111797173.35085785
2633.0,87849031.02870828
2634.0,98491678.82448618
2635.0,64206600.17683282
2636.0,81912984.40153423
2637.0,64020882.68969563
2638.0,94229664.58225282
2639.0,81491313.51249848
2640.0,64560856.47867974
2641.0,56222831.97987019
2642.0,77273655.35792917
2643.0,57371059.58211129
2644.0,67095917.13678258
2645.0,54916874.81983895
2646.0,52709914.62092245
2647.0,56853639.82787998
2648.0,63245439.10015743
2649.0,71717376.16754112
2650.0,62414201.58366196
2651.0,70580277.565219
2652.0,111198098.15651557
2653.0,85277003.30421731
2654.0,89666693.92323303
2655.0,95185951.24911664
2656.0,93511790.76305033
2657.0,96232344.21815751
2658.0,95655669.51950406
2659.0,97559736.77816948
2660.0,102752571.64747052
2661.0,91909119.77308081
2662.0,91144395.71676195
2663.0,90083769.02304392
2664.0,82390774.861574
2665.0,87908161.00314571
2666.0,86240171.19604301
2667.0,69201989.68921216
2668.0,70413007.3317055
2669.0,73102721.2746266
2670.0,96995128.0608797
2671.0,70413007.3317055
2672.0,73655115.01499948
2673.0,78968221.76186848
2674.0,80083331.32519348
2675.0,66320333.40355355
2676.0,74356389.04781395
2677.0,83375159.9547167
2678.0,95707406.887624
2679.0,87687666.74087341
2680.0,95339272.99859916
2681.0,115361115.04454839
2682.0,109616207.79570328
2683.0,135514821.10758308
2684.0,103330450.32924719
2685.0,112158690.83729483
2686.0,87658733.30317304
2687.0,87367048.23878993
2688.0,80008959.31428726
2689.0,71820002.05630453
2690.0,115903157.35880639
2691.0,77959715.63397942
2692.0,65032664.57646083
2693.0,76392978.41931847
2694.0,64624447.635966755
2695.0,77187117.3529729
2696.0,73583248.26907912
2697.0,82123506.98310462
2698.0,77545971.78990045
2699.0,75925132.64068626
2700.0,69046983.88675193
2701.0,64778393.33178853
2702.0,60587255.94784667
2703.0,72715882.14892286
2704.0,66528907.26572962
2705.0,59574831.486214414
2706.0,56604345.64344817
2707.0,57861108.024603955
2708.0,61055411.75088166
2709.0,56003728.701273255
2710.0,57753040.022680394
2711.0,113748064.07046117
2712.0,113411370.30017231
2713.0,66767416.96238423
2714.0,61630847.08282625
2715.0,71404754.75873092
2716.0,57642309.18959849
2717.0,74960433.22794428
2718.0,82483671.88951227
2719.0,67709790.60221311
2720.0,73137747.35219705
2721.0,62655292.01359653
2722.0,79059968.01051812
2723.0,59896233.85640009
2724.0,56044786.70553363
2725.0,61945782.29485794
2726.0,66160630.61023512
2727.0,78752298.60301287
2728.0,75613087.13946319
2729.0,68475602.52601996
2730.0,69261135.60095307
2731.0,52818827.91546808
2732.0,60794422.48883228
2733.0,75435226.84306714
2734.0,81867345.57060413
2735.0,66937541.685660616
2736.0,76458606.0506324
2737.0,57471327.80971198
2738.0,82451973.12519826
2739.0,69706774.58530053
2740.0,60820965.93410262
2741.0,72487820.0810398
2742.0,71749345.53867768
2743.0,71803739.4773954
2744.0,64827527.11305962
2745.0,61866319.67757069
2746.0,60236983.850804165
2747.0,73021448.4791323
2748.0,61152469.14088944
2749.0,60281190.08424757
2750.0,62111312.67096517
2751.0,55590274.7865099
2752.0,92879485.5511942
2753.0,73655259.02934608
2754.0,112838789.74455196
2755.0,66944177.446587205
2756.0,49232461.16075495
2757.0,50121069.41314847
2758.0,45711684.24048848
2759.0,71950645.04061398
2760.0,80125441.47859797
2761.0,65154833.423604794
2762.0,67268129.15653853
2763.0,86259107.76766865
2764.0,68827218.61467615
2765.0,104944041.58356814
2766.0,72913116.04906875
2767.0,55073746.40193593
2768.0,79885770.95671822
2769.0,65636608.86862409
2770.0,62490914.1265978
2771.0,55156362.6561066
2772.0,60180153.912602246
2773.0,84248924.88671832
2774.0,79282972.56601332
2775.0,77600123.84044176
2776.0,68545692.22869359
2777.0,68439772.72822501
2778.0,53734328.05615348
2779.0,84324004.18306239
2780.0,60847161.233418
2781.0,53663321.92008502
2782.0,53704674.413559206
2783.0,65469697.59214669
2784.0,59332973.77658994
2785.0,72273492.49324438
2786.0,40436550.90750233
2787.0,62683682.387836136
2788.0,53230812.565130495
2789.0,90597456.86348753
2790.0,60612535.585516945
2791.0,59502007.69148973
2792.0,59448381.61569851
2793.0,79612656.98628385
2794.0,60459776.74747817
2795.0,64552714.52411353
2796.0,52605490.282875426
2797.0,105679802.49502768
2798.0,67270437.76562291
2799.0,62465134.05147656
2800.0,50717790.48351475
2801.0,59209937.64799835
2802.0,69846487.96225871
2803.0,95166818.50356945
2804.0,73592548.3070249
2805.0,54316690.960573696
2806.0,54671684.94282929
2807.0,63187255.405151226
2808.0,63195095.28444529
2809.0,57667589.614528395
2810.0,62305246.16668815
2811.0,75995073.5727224
2812.0,62193774.63255258
2813.0,97003917.99033755
2814.0,96352079.81214681
2815.0,54992362.07651018
2816.0,91916733.03116992
2817.0,60904653.59124751
2818.0,53758431.59845322
2819.0,74227100.45739816
2820.0,71143449.36130743
2821.0,61065065.702869914
2822.0,86479350.58345409
2823.0,138906814.38765743
2824.0,82940633.98119095
2825.0,69429303.04513387
2826.0,62114532.2474115
2827.0,75843823.06122842
2828.0,101373103.57266706
2829.0,77995677.95713046
2830.0,88033115.4543448
2831.0,69315604.6362606
2832.0,92552955.5490059
2833.0,83764118.97333276
2834.0,81438375.64591675
2835.0,84243031.78375201
2836.0,74059433.69526428
2837.0,75253394.73852594
2838.0,64667349.79205171
2839.0,71117416.04371943
2840.0,77184316.11795515
2841.0,78361769.77042462
2842.0,80535644.65929297
2843.0,66389353.11787545
2844.0,70032105.31879117
2845.0,55157031.54087134
2846.0,78957198.06260593
2847.0,78427211.57141353
2848.0,74217969.31923914
2849.0,82764876.94876485
2850.0,93402550.55396731
2851.0,88352570.07254754
2852.0,85803830.18949687
2853.0,85889714.07577704
2854.0,55291090.17985309
2855.0,75810247.14319651
2856.0,78343685.20192109
2857.0,74331774.38410747
2858.0,73703917.2682119
2859.0,67817598.6396033
2860.0,59636928.277510546
2861.0,66894551.988247916
2862.0,77492954.28245749
2863.0,56527330.91670527
2864.0,96321744.2786093
2865.0,60592451.83829754
2866.0,78461000.15081194
2867.0,53754136.35615476
2868.0,66912790.11248732
2869.0,77665566.32529157
2870.0,75419192.0541525
2871.0,68199914.78617261
2872.0,40687199.95615545
2873.0,64200966.05988668
2874.0,74307282.30169277
2875.0,66546257.64939318
2876.0,68129386.21522291
2877.0,69446983.06300236
2878.0,73604640.24786782
2879.0,71359680.91836944
2880.0,64914771.1292976
2881.0,72155533.15916264
2882.0,78384298.3907305
2883.0,78029982.61060946
2884.0,73525418.71846795
2885.0,78897515.9286667
2886.0,95978917.58199964
2887.0,58753709.08413505
2888.0,65899758.56068883
2889.0,45096528.53363319
2890.0,46249913.058581784
2891.0,76079817.51842488
2892.0,44296121.66919897
2893.0,67318550.9342639
2894.0,49753696.65600685
2895.0,88830508.27593961
2896.0,84973392.7601614
2897.0,84334116.58460908
2898.0,85887214.09542097
2899.0,79413890.97657086
2900.0,68212421.8045681
2901.0,84754387.10693896
2902.0,75878244.1696139
2903.0,96050473.53059174
2904.0,92932574.9695276
2905.0,71897687.1077716
2906.0,75110683.5437338
2907.0,61288371.88873283
2908.0,55395111.77632915
2909.0,86213881.8125778
2910.0,45562214.64308832
2911.0,57013317.43490136
2912.0,72035630.1792856
2913.0,57084449.954207264
2914.0,56267043.35698163
2915.0,56267043.35698163
2916.0,57084948.00169281
2917.0,69198610.564226
2918.0,58100342.35619702
2919.0,86788051.23506509
